Model Name,r2,mae
XGBoost,0.8707565462064367,0.1572195408399993
Random Forest,0.8646195736448856,0.16382266499359466
Gradient Boost,0.8456534041647716,0.1780459535638316
SVM,0.8247702311112923,0.1900879381540179
Decision Tree,0.8084682683583876,0.19517372245751355
Linear Regression,0.7968610343045295,0.2039024258858801
Ridge Regression,0.7858583440540834,0.21025662820246707
AdaBoost,0.7726727823209114,0.2240242122857314
KNN,0.7709865629348072,0.2114641849854826
